{
    "params": {
        "cb": 3,
        "rb": [
            [
                2,
                2
            ],
            [
                2,
                2
            ]
        ],
        "kc": [
            [
                1,
                1
            ],
            [
                1,
                1
            ]
        ],
        "kr": [
            [
                50,
                50
            ],
            [
                50,
                50
            ]
        ],
        "kd": 0,
        "kg": 0,
        "scaling": "linear",
        "exp_rate": 0.20000000298023224,
        "speed": 0.05000000074505806,
        "stability_factor": 0,
        "perim_coord": false,
        "rgf": false
    },
    "b_list": [
        [
            -3.136936251,
            2.790830208,
            -2.213763657,
            0.85567424,
            1.865161358,
            -1.172551093,
            1.762826466,
            -0.271898799,
            -0.077280287,
            -2.109862925
        ],
        [
            -0.564592097,
            -0.202144384,
            1.248509927,
            -0.337738303,
            -1.993116519,
            -0.415000575,
            1.455707933,
            1.340701051,
            -2.093344773,
            -2.18167523
        ],
        [
            1.3292542806666667,
            -1.3404148016666664,
            0.7553591936666665,
            0.013238611000000048,
            -0.7442779893333332,
            -0.024403592499999977,
            -0.5793055830000001,
            0.0038973812499999982,
            0.005405735249999932,
            0.5893107073333332
        ],
        [
            0.043099401000000016,
            -0.035954254333333324,
            -1.111896697,
            -0.01665871550000005,
            1.1210693143333332,
            0.03344548150000004,
            -1.2152673556666667,
            -0.8493475044999999,
            0.83722917975,
            1.181533826
        ],
        [
            -0.8335554370195749,
            0.527434518788338,
            0.8335554370195749,
            1.6558387558655039,
            -0.527434518788338,
            -1.1280977231649312,
            2.7489607093097392,
            -2.1153746673440037,
            2.581009052530689,
            -1.8038069109596624
        ],
        [
            -1.637678232015963,
            1.0206059850609666,
            1.637678232015963,
            -1.107865689291496,
            -1.0206059850609666,
            1.59414095103215,
            0.20056296589482558,
            1.075815221952146,
            -1.7042219246757724,
            -0.7552205174805156
        ],
        [
            0.0,
            -0.0,
            0.0,
            -0.0,
            -0.0,
            0.0,
            -0.0,
            0.0,
            0.0,
            0.0
        ],
        [
            0.0,
            0.0,
            -0.0,
            0.0,
            0.0,
            0.0,
            -0.0,
            -0.0,
            0.0,
            0.0
        ],
        [
            0.014842616215586787,
            -0.031834118033273566,
            0.04746861756517194,
            0.0414666445927326,
            -0.049844708306913815,
            -0.028894649850807478,
            0.04529155368813426,
            -0.04971486452260118,
            0.04740740410019843,
            -0.04717788425583465
        ],
        [
            -0.047746170719572975,
            0.0385563095167239,
            0.015707654852245,
            -0.027937742584643564,
            0.003937655178463852,
            0.04080562809840129,
            -0.021181955505114675,
            0.005332196546003916,
            -0.015891447730974513,
            0.016560413993885404
        ],
        [
            0.0,
            0.0,
            0.0,
            0.0,
            0.0,
            0.0,
            0.0,
            0.0,
            0.0,
            0.0
        ],
        [
            0.0,
            0.0,
            0.0,
            0.0,
            0.0,
            0.0,
            0.0,
            0.0,
            0.0,
            0.0
        ],
        [
            1.0,
            1.0,
            1.0,
            0.0,
            1.0,
            0.0,
            1.0,
            1.0,
            1.0,
            1.0
        ],
        [
            0.0,
            0.0,
            0.0,
            0.0,
            0.0,
            0.0,
            0.0,
            0.0,
            0.0,
            0.0
        ],
        [
            0.0,
            0.0,
            0.0,
            0.0,
            0.0,
            0.0,
            0.0,
            0.0,
            0.0,
            0.0
        ],
        [
            3.0,
            3.0,
            3.0,
            6.0,
            3.0,
            6.0,
            3.0,
            4.0,
            4.0,
            3.0
        ],
        [
            1.0,
            1.0,
            1.0,
            2.0,
            1.0,
            3.0,
            1.0,
            2.0,
            2.0,
            2.0
        ]
    ]
}