{
    "params": {
        "cb": 3,
        "rb": [
            [
                2.0,
                2.0
            ],
            [
                2.0,
                2.0
            ]
        ],
        "kc": [
            [
                0.15,
                0.15
            ],
            [
                0.15,
                0.15
            ]
        ],
        "kr": [
            [
                50.0,
                50.0
            ],
            [
                50.0,
                50.0
            ]
        ],
        "kd": 0,
        "kg": 0,
        "scaling": "linear",
        "exp_rate": 0.2,
        "speed": 0.05,
        "stability_factor": 0,
        "perim_coord": false,
        "rgf": false
    },
    "b_list": [
        [
            -2.775764528,
            2.487386592,
            -1.396377659,
            0.537810437,
            1.143536815,
            -0.847167387,
            1.876659417,
            -0.045272311,
            -0.232388961,
            -2.204890318
        ],
        [
            -0.583904074,
            -0.03032658,
            0.915988905,
            0.467238904,
            -1.488224043,
            -1.031637674,
            1.894041417,
            2.336073218,
            -3.00010662,
            -2.539480077
        ],
        [
            0.18586158885,
            -0.2024163578,
            0.1006553823,
            -0.001687921450000009,
            -0.08751017208749999,
            -0.002542208774999996,
            -0.13510683485,
            0.060484938349999996,
            -0.06343641594999999,
            0.1455463949
        ],
        [
            -0.04461677079999998,
            0.05048435150000002,
            -0.08919136409999999,
            0.0026667404750000106,
            0.0838011859125,
            0.0043711485249999975,
            -0.15167460694999998,
            -0.19600304129999999,
            0.19146633985000003,
            0.14345485394999996
        ],
        [
            -0.969626905433621,
            0.0,
            1.2227409553521074,
            -0.48925568408756515,
            1.1625704949196003,
            -0.5389551453933369,
            0.0,
            0.0,
            -0.07740620649389796,
            0.45936180944532645
        ],
        [
            0.21223260163960236,
            0.0,
            1.3930744707063636,
            1.6912489830531539,
            -0.5541070250767142,
            0.44463046013954705,
            0.0,
            0.0,
            -0.8314452723933283,
            -1.7297010190801665
        ],
        [
            0.0,
            -0.0,
            0.0,
            -0.0,
            -0.0,
            0.0,
            -0.0,
            0.0,
            0.0,
            0.0
        ],
        [
            0.0,
            0.0,
            -0.0,
            -0.0,
            0.0,
            0.0,
            -0.0,
            -0.0,
            0.0,
            0.0
        ],
        [
            -0.04889438400120199,
            -0.04851386996576359,
            0.03561694655281,
            -0.013918587335925721,
            0.04580838389476397,
            -0.03848946886547021,
            -0.03325735818924651,
            0.014743547209033744,
            -0.010746528452878152,
            0.01781581306839554
        ],
        [
            0.010456539252687953,
            0.012099769458340202,
            0.035091781349117564,
            0.0480236704820884,
            -0.020039759603097278,
            0.03191489912962284,
            -0.03733561471667714,
            -0.047776854393053056,
            -0.04883146655806562,
            -0.04671827056636394
        ],
        [
            0.0,
            0.0,
            0.0,
            0.0,
            0.0,
            0.0,
            0.0,
            0.0,
            0.0,
            0.0
        ],
        [
            0.0,
            0.0,
            0.0,
            0.0,
            0.0,
            0.0,
            0.0,
            0.0,
            0.0,
            0.0
        ],
        [
            1.0,
            1.0,
            1.0,
            0.0,
            1.0,
            0.0,
            1.0,
            1.0,
            1.0,
            1.0
        ],
        [
            0.0,
            0.0,
            0.0,
            0.0,
            0.0,
            0.0,
            0.0,
            0.0,
            0.0,
            0.0
        ],
        [
            0.0,
            0.0,
            0.0,
            0.0,
            0.0,
            0.0,
            0.0,
            0.0,
            0.0,
            0.0
        ],
        [
            3.0,
            3.0,
            4.0,
            6.0,
            4.0,
            6.0,
            3.0,
            3.0,
            3.0,
            3.0
        ],
        [
            3.0,
            0.0,
            1.0,
            1.0,
            3.0,
            3.0,
            0.0,
            0.0,
            2.0,
            1.0
        ]
    ]
}